{"cameraMode":{"drawMode":0,"name":"Shaded","section":"Shading Mode"},"sceneLighting":true,"audioPlay":false,"sceneViewState":{"showFog":true,"showMaterialUpdate":false,"showSkybox":true,"showFlares":true,"showImageEffects":true,"showParticleSystems":true},"in2DMode":false,"pivot":{"x":3.3687620162963869,"y":1.0113451480865479,"z":-6.631035804748535},"rotation":{"x":-0.4054190516471863,"y":0.46811196208000185,"z":-0.25560328364372256,"w":-0.7424381971359253},"size":11.01286506652832,"orthographic":false}