{"cameraMode":{"drawMode":0,"name":"Shaded","section":"Shading Mode"},"sceneLighting":true,"audioPlay":false,"sceneViewState":{"showFog":true,"showMaterialUpdate":false,"showSkybox":true,"showFlares":true,"showImageEffects":true,"showParticleSystems":true},"in2DMode":false,"pivot":{"x":5.232897758483887,"y":-17.838294982910158,"z":8.353763580322266},"rotation":{"x":0.5315632820129395,"y":0.07321996241807938,"z":-0.04618913680315018,"w":0.8425856232643127},"size":35.39398193359375,"orthographic":false}