{"cameraMode":{"drawMode":0,"name":"Shaded","section":"Shading Mode"},"sceneLighting":true,"audioPlay":false,"sceneViewState":{"showFog":true,"showMaterialUpdate":false,"showSkybox":true,"showFlares":true,"showImageEffects":true,"showParticleSystems":true},"in2DMode":false,"pivot":{"x":-2.1854214668273927,"y":-3.441500425338745,"z":-8.891709327697754},"rotation":{"x":0.07591954618692398,"y":-0.14518800377845765,"z":0.011159155517816544,"w":0.9864425659179688},"size":5.430480003356934,"orthographic":false}