{"cameraMode":{"drawMode":0,"name":"Shaded","section":"Shading Mode"},"sceneLighting":false,"audioPlay":false,"sceneViewState":{"showFog":true,"showMaterialUpdate":false,"showSkybox":false,"showFlares":true,"showImageEffects":true,"showParticleSystems":true},"in2DMode":false,"pivot":{"x":-1.649999976158142,"y":1.1799999475479127,"z":2.2699999809265138},"rotation":{"x":-0.4054190516471863,"y":0.46811196208000185,"z":-0.25560328364372256,"w":-0.7424381971359253},"size":0.2857881188392639,"orthographic":false}